<purchaseOrder xmlns="urn:po-processor" orderDate="1999-10-20">
    <shipTo country="US">
        <name>Alice Smith</name>
        <street>123 Maple Street</street>
        <city>Mill Valley</city>
        <state>CA</state>
        <zip>90952</zip>
    </shipTo>
    <billTo country="US">
        <name>Robert Smith</name>
        <street>8 Oak Avenue</street>
        <city>Old Town</city>
        <state>PA</state>
        <zip>95819</zip>
    </billTo>
    <comment>Hurry, my lawn is going wild!</comment>
    <items>
        <item partNum="872-AA">
            <productName>Lawnmower</productName>
            <quantity>1</quantity>
            <price>148.95</price>
            <comment>Confirm this is electric</comment>
        </item>
        <item partNum="926-AA">
            <productName>Baby Monitor</productName>
            <quantity>1</quantity>
            <price>39.98</price>
            <shipDate>1999-05-21</shipDate>
        </item>
    </items>
</purchaseOrder>
