<isd:service xmlns:isd="http://xml.apache.org/xml-soap/deployment"
             id="http://www.soapinterop.org/Registry">
  <isd:provider type="java"
                scope="Application"
                methods="Unregister Register Lookup LookupAsString">
    <isd:java class="samples.bidbuy.server.registry.RegistryService" static="false"/>
  </isd:provider>

  <isd:faultListener>org.apache.soap.server.DOMFaultListener</isd:faultListener>

  <isd:mappings>
    <isd:map encodingStyle="http://schemas.xmlsoap.org/soap/encoding/"
             xmlns:x="http://www.soapinterop.org/Registry" qname="x:Service"
             javaType="samples.bidbuy.shared.Service"
             java2XMLClassName="samples.bidbuy.shared.ServiceSerializer"
             xml2JavaClassName="samples.bidbuy.shared.ServiceSerializer"/>
    <isd:map encodingStyle="http://schemas.xmlsoap.org/soap/encoding/"
             xmlns:x="" qname="x:ServiceName"
     xml2JavaClassName="org.apache.soap.encoding.soapenc.StringDeserializer"/>
    <isd:map encodingStyle="http://schemas.xmlsoap.org/soap/encoding/"
             xmlns:x="" qname="x:ServiceUrl"
     xml2JavaClassName="org.apache.soap.encoding.soapenc.StringDeserializer"/>
    <isd:map encodingStyle="http://schemas.xmlsoap.org/soap/encoding/"
             xmlns:x="" qname="x:ServiceType"
     xml2JavaClassName="org.apache.soap.encoding.soapenc.StringDeserializer"/>
    <isd:map encodingStyle="http://schemas.xmlsoap.org/soap/encoding/"
             xmlns:x="" qname="x:ServiceWsdl"
     xml2JavaClassName="org.apache.soap.encoding.soapenc.StringDeserializer"/>
  </isd:mappings>
</isd:service>
