<?xml version="1.0"?>
<isd:service xmlns:isd="http://xml.apache.org/xml-soap/deployment"
             id="urn:ejbhello">
  <isd:provider type="org.apache.soap.providers.StatefulEJBProvider"
                scope="Application"
                methods="create">
    <isd:java class="samples.HelloService"/>
    <isd:option key="FullHomeInterfaceName" value="samples.HelloServiceHome" />
    <isd:option key="ContextProviderURL" value="t3://sitka.intraware.com:7081" />
    <isd:option key="FullContextFactoryName" value="weblogic.jndi.WLInitialContextFactory" />
  </isd:provider>
        <isd:faultListener>org.apache.soap.server.DOMFaultListener</isd:faultListener>
</isd:service>


